Periodo;Rata (€);Quota Interessi (€);Quota Capitale (€);Debito Residuo (€)
1;542,4000693179848;81,25;461,15006931798484;29538,849930682016
2;542,4000693179848;80,00105189559713;462,3990174223877;29076,45091325963
3;542,4000693179848;78,7487212234115;463,65134809457334;28612,799565165056
4;542,4000693179848;77,49299882232204;464,9070704956628;28147,892494669395
5;542,4000693179848;76,23387550639629;466,1661938115885;27681,72630085781
6;542,4000693179848;74,97134206482323;467,4287272531616;27214,297573604646
7;542,4000693179848;73,70538926184592;468,6946800561389;26745,60289354851
8;542,4000693179848;72,43600783669388;469,96406148129097;26275,638832067216
9;542,4000693179848;71,16318850351539;471,2368808144695;25804,401951252745
10;542,4000693179848;69,88692195130952;472,5131473666753;25331,888803886068
11;542,4000693179848;68,6071988438581;473,79287047412674;24858,09593341194
12;542,4000693179848;67,32400981965733;475,0760594983275;24383,019873913614
13;542,4000693179848;66,03734549184938;476,3627238261355;23906,657150087478
14;542,4000693179848;64,74719644815359;477,65287286983124;23429,004277217646
15;542,4000693179848;63,453553250797796;478,9465160671871;22950,05776115046
16;542,4000693179848;62,15640643644916;480,24366288153567;22469,814098268926
17;542,4000693179848;60,85574651614501;481,5443228018398;21988,269775467084
18;542,4000693179848;59,55156397522335;482,8485053427615;21505,421270124323
19;542,4000693179848;58,243849273253375;484,15622004473147;21021,265050079593
20;542,4000693179848;56,932592843965566;485,4674764740193;20535,797573605574
21;542,4000693179848;55,617785095181766;486,78228422280307;20049,015289382773
22;542,4000693179848;54,29941640874501;488,10065290923984;19560,91463647353
23;542,4000693179848;52,97747714044915;489,4225921775357;19071,492044295996
24;542,4000693179848;51,65195761996832;490,74811169801654;18580,74393259798
25;542,4000693179848;50,32284815078619;492,0772211671987;18088,666711430782
26;542,4000693179848;48,990139010125034;493,4099303078598;17595,256781122924
27;542,4000693179848;47,65382044887458;494,7462488691103;17100,510532253815
28;542,4000693179848;46,31388269152075;496,0861866264641;16604,42434562735
29;542,4000693179848;44,97031593607408;497,42975338191076;16106,99459224544
30;542,4000693179848;43,62311035399807;498,7769589639868;15608,217633281454
31;542,4000693179848;42,272256090137276;500,1278132278476;15108,089820053607
32;542,4000693179848;40,91774326264519;501,4823260553396;14606,607493998266
33;542,4000693179848;39,55956196291197;502,8405073550729;14103,766986643193
34;542,4000693179848;38,19770225549198;504,20236706249284;13599,5646195807
35;542,4000693179848;36,83215417803106;505,5679151399538;13093,996704440746
36;542,4000693179848;35,46290774119369;506,93716157679114;12587,059542863955
37;542,4000693179848;34,08995292858988;508,310116389395;12078,74942647456
38;542,4000693179848;32,71327969670193;509,6867896212829;11569,062636853278
39;542,4000693179848;31,332877974810962;511,0671913431739;11057,995445510103
40;542,4000693179848;29,948737664923197;512,4513316530616;10545,544113857042
41;542,4000693179848;28,560848641696158;513,8392206762887;10031,704893180753
42;542,4000693179848;27,169200752364542;515,2308685656203;9516,474024615132
43;542,4000693179848;25,773783816665983;516,6262855013189;8999,847739113813
44;542,4000693179848;24,374587626766576;518,0254816912183;8481,822257422595
45;542,4000693179848;22,971601947186194;519,4284673707987;7962,393790051796
46;542,4000693179848;21,564816514723613;520,8352528032613;7441,558537248535
47;542,4000693179848;20,15422103838145;522,2458482796034;6919,312688968931
48;542,4000693179848;18,739805199290856;523,6602641186939;6395,652424850237
49;542,4000693179848;17,32155865063606;525,0785106673488;5870,573914182889
50;542,4000693179848;15,899471017578659;526,5005983004062;5344,073315882482
51;542,4000693179848;14,473531897181724;527,9265374208031;4816,146778461679
52;542,4000693179848;13,043730858333713;529,3563384596512;4286,790440002028
53;542,4000693179848;11,61005744167216;530,7900118763126;3756,000428125715
54;542,4000693179848;10,172501159507146;532,2275681584777;3223,7728599672373
55;542,4000693179848;8,731051495744602;533,6690178222402;2690,103842144997
56;542,4000693179848;7,285697905809367;535,1143714121755;2154,9894707328217
57;542,4000693179848;5,836429816568059;536,5636395014168;1618,425831231405
58;542,4000693179848;4,383236626251722;538,0168326917332;1080,4089985396718
59;542,4000693179848;2,926107704378278;539,4739616136065;540,9350369260652
60;542,4000693179848;1,46503239167476;540,9350369263101;0,0
